#From a base of 26068472 hosts; at date 23/11/2018;ignored all that have < 100 hits.
www 11337967 43,4930%
blog 75633 0,2901%
m 21019 0,0806%
shop 16924 0,0649%
forum 15158 0,0581%
ww1 13332 0,0511%
ww2 13057 0,0501%
store 10391 0,0399%
en 8429 0,0323%
mail 8192 0,0314%
www2 7791 0,0299%
secure 6194 0,0238%
support 6044 0,0232%
webmail 5843 0,0224%
news 5603 0,0215%
es 5501 0,0211%
wiki 5047 0,0194%
web 4506 0,0173%
forums 4437 0,0170%
portal 4266 0,0164%
ww 3997 0,0153%
my 3947 0,0151%
ww41 3896 0,0149%
fr 3665 0,0141%
blogs 3602 0,0138%
info 3461 0,0133%
mobile 3382 0,0130%
de 3378 0,0130%
ww35 3234 0,0124%
jobs 3221 0,0124%
www5 2843 0,0109%
it 2663 0,0102%
media 2633 0,0101%
dev 2628 0,0101%
www1 2606 0,0100%
home 2560 0,0098%
video 2510 0,0096%
moodle 2503 0,0096%
help 2439 0,0094%
new 2374 0,0091%
community 2363 0,0091%
online 2351 0,0090%
search 2319 0,0089%
wwww 2300 0,0088%
ww5 2275 0,0087%
apps 2271 0,0087%
app 2260 0,0087%
ww17 2245 0,0086%
members 2242 0,0086%
library 2236 0,0086%
www3 2174 0,0083%
demo 2147 0,0082%
bbs 2103 0,0081%
old 2099 0,0081%
photos 2064 0,0079%
archive 2055 0,0079%
careers 1870 0,0072%
beta 1869 0,0072%
site 1864 0,0072%
events 1858 0,0071%
music 1801 0,0069%
us 1777 0,0068%
sklep 1745 0,0067%
english 1732 0,0066%
bip 1712 0,0066%
test 1691 0,0065%
gallery 1684 0,0065%
live 1681 0,0064%
pl 1673 0,0064%
lists 1545 0,0059%
feeds 1517 0,0058%
pt 1511 0,0058%
download 1500 0,0058%
wap 1475 0,0057%
ru 1450 0,0056%
intranet 1446 0,0055%
business 1425 0,0055%
uk 1413 0,0054%
login 1403 0,0054%
games 1388 0,0053%
catalog 1374 0,0053%
associates 1357 0,0052%
tv 1335 0,0051%
w 1329 0,0051%
images 1324 0,0051%
ir 1296 0,0050%
directory 1295 0,0050%
docs 1252 0,0048%
nl 1241 0,0048%
com 1167 0,0045%
go 1166 0,0045%
eng 1163 0,0045%
admin 1124 0,0043%
ftp 1107 0,0042%
maps 1101 0,0042%
stores 1097 0,0042%
tickets 1064 0,0041%
galleries 1047 0,0040%
api 1043 0,0040%
cms 1042 0,0040%
ca 1029 0,0039%
static 1028 0,0039%
ar 1027 0,0039%
chat 1021 0,0039%
ww3 1016 0,0039%
services 994 0,0038%
ww43 993 0,0038%
videos 966 0,0037%
ww10 959 0,0037%
photo 947 0,0036%
reviews 942 0,0036%
local 937 0,0036%
radio 917 0,0035%
cdn 899 0,0034%
research 889 0,0034%
elearning 883 0,0034%
data 879 0,0034%
alumni 875 0,0034%
free 875 0,0034%
192 825 0,0032%
id 821 0,0031%
pages 818 0,0031%
investor 809 0,0031%
cs 802 0,0031%
tr 802 0,0031%
wp 766 0,0029%
extranet 764 0,0029%
hr 762 0,0029%
libguides 745 0,0029%
loja 738 0,0028%
connect 736 0,0028%
weather 730 0,0028%
training 729 0,0028%
travel 728 0,0028%
service 727 0,0028%
board 725 0,0028%
developer 722 0,0028%
archives 719 0,0028%
calendar 707 0,0027%
gis 706 0,0027%
i 706 0,0027%
sites 702 0,0027%
jp 700 0,0027%
pro 700 0,0027%
files 699 0,0027%
forms 698 0,0027%
classifieds 697 0,0027%
game 696 0,0027%
edu 695 0,0027%
co 691 0,0027%
users 690 0,0026%
register 687 0,0026%
cn 682 0,0026%
email 679 0,0026%
br 677 0,0026%
tour 667 0,0026%
books 665 0,0026%
education 664 0,0025%
lib 663 0,0025%
au 662 0,0025%
health 654 0,0025%
digital 652 0,0025%
www4 648 0,0025%
join 644 0,0025%
projects 640 0,0025%
labs 637 0,0024%
tw 635 0,0024%
content 633 0,0024%
google 619 0,0024%
tech 615 0,0024%
eshop 611 0,0023%
investors 610 0,0023%
portfolio 609 0,0023%
sport 609 0,0023%
in 607 0,0023%
auto 603 0,0023%
signup 601 0,0023%
survey 601 0,0023%
learn 598 0,0023%
staging 585 0,0022%
myaccount 581 0,0022%
links 579 0,0022%
reservations 578 0,0022%
ci 576 0,0022%
img 571 0,0022%
spanish 567 0,0022%
press 566 0,0022%
wordpress 564 0,0022%
shopping 561 0,0022%
tienda 561 0,0022%
2013 560 0,0021%
people 558 0,0021%
map 554 0,0021%
ads 553 0,0021%
2012 552 0,0021%
art 551 0,0021%
book 551 0,0021%
downloads 551 0,0021%
corporate 549 0,0021%
shw 549 0,0021%
math 545 0,0021%
w3 542 0,0021%
club 541 0,0021%
resources 536 0,0021%
apply 533 0,0020%
foro 529 0,0020%
faculty 528 0,0020%
boutique 527 0,0020%
member 527 0,0020%
ro 526 0,0020%
tools 526 0,0020%
marketplace 525 0,0020%
android 519 0,0020%
marketing 519 0,0020%
helpdesk 518 0,0020%
sms 516 0,0020%
sports 516 0,0020%
lpse 514 0,0020%
about 510 0,0020%
action 509 0,0020%
campus 509 0,0020%
ssl 509 0,0020%
journal 508 0,0019%
rss 506 0,0019%
usa 505 0,0019%
magazine 502 0,0019%
foto 500 0,0019%
school 496 0,0019%
e 494 0,0019%
student 494 0,0019%
faq 492 0,0019%
public 491 0,0019%
se 489 0,0019%
ww31 489 0,0019%
history 484 0,0019%
code 482 0,0018%
products 482 0,0018%
speedtest 482 0,0018%
sex 479 0,0018%
iphone 473 0,0018%
clients 468 0,0018%
s 466 0,0018%
lms 464 0,0018%
svn 464 0,0018%
2014 460 0,0018%
play 458 0,0018%
webshop 458 0,0018%
newsletter 456 0,0017%
account 455 0,0017%
th 455 0,0017%
git 454 0,0017%
global 453 0,0017%
facebook 451 0,0017%
kb 450 0,0017%
design 449 0,0017%
owa 448 0,0017%
software 441 0,0017%
international 435 0,0017%
status 435 0,0017%
law 432 0,0017%
mx 432 0,0017%
donate 430 0,0016%
fi 429 0,0016%
booking 428 0,0016%
social 428 0,0016%
sp 428 0,0016%
a 426 0,0016%
hu 426 0,0016%
movies 426 0,0016%
love 424 0,0016%
kids 421 0,0016%
legacy 420 0,0016%
no 420 0,0016%
food 418 0,0016%
courses 417 0,0016%
finance 415 0,0016%
students 413 0,0016%
partners 412 0,0016%
main 411 0,0016%
b2b 410 0,0016%
conference 410 0,0016%
espanol 409 0,0016%
job 409 0,0016%
epaper 404 0,0015%
hk 404 0,0015%
staff 404 0,0015%
eu 402 0,0015%
promo 402 0,0015%
alt 399 0,0015%
blackboard 398 0,0015%
doc 398 0,0015%
answers 397 0,0015%
dl 396 0,0015%
stats 392 0,0015%
chicago 388 0,0015%
bg 387 0,0015%
tours 387 0,0015%
blogg 384 0,0015%
ja 384 0,0015%
podcast 382 0,0015%
realestate 382 0,0015%
2011 381 0,0015%
ms 375 0,0014%
corp 374 0,0014%
partner 374 0,0014%
katalog 373 0,0014%
noticias 373 0,0014%
top 370 0,0014%
vip 367 0,0014%
la 366 0,0014%
xxx 366 0,0014%
mirror 361 0,0014%
sg 360 0,0014%
order 358 0,0014%
science 356 0,0014%
origin 353 0,0014%
me 352 0,0014%
access 350 0,0013%
event 350 0,0013%
reg 350 0,0013%
registration 349 0,0013%
sales 349 0,0013%
db 346 0,0013%
dk 346 0,0013%
sc 346 0,0013%
sso 346 0,0013%
themes 346 0,0013%
planet 345 0,0013%
bb 344 0,0013%
life 344 0,0013%
admissions 341 0,0013%
ask 340 0,0013%
results 337 0,0013%
articles 336 0,0013%
lnx 336 0,0013%
weblog 336 0,0013%
china 335 0,0013%
linux 334 0,0013%
sv 334 0,0013%
biblioteca 331 0,0013%
hotels 331 0,0013%
ns1 330 0,0013%
pa 329 0,0013%
findnsave 328 0,0013%
lab 328 0,0013%
nuke 328 0,0013%
work 328 0,0013%
subscribe 326 0,0013%
career 325 0,0012%
bookstore 324 0,0012%
t 323 0,0012%
affiliates 322 0,0012%
ch 322 0,0012%
hotel 322 0,0012%
link 321 0,0012%
pt-br 320 0,0012%
zh 320 0,0012%
webapps 319 0,0012%
ww4 319 0,0012%
car 318 0,0012%
cas 318 0,0012%
newsroom 318 0,0012%
buy 317 0,0012%
canada 315 0,0012%
ww25 311 0,0012%
guides 310 0,0012%
gay 309 0,0012%
mp3 309 0,0012%
v2 309 0,0012%
billing 306 0,0012%
c 305 0,0012%
client 305 0,0012%
physics 304 0,0012%
start 304 0,0012%
atlanta 303 0,0012%
cloud 303 0,0012%
learning 303 0,0012%
london 302 0,0012%
mobil 302 0,0012%
s1 302 0,0012%
schools 302 0,0012%
share 302 0,0012%
sk 301 0,0012%
1 300 0,0012%
japan 300 0,0012%
exchange 299 0,0011%
net 299 0,0011%
ny 299 0,0011%
houston 297 0,0011%
pc 297 0,0011%
player 296 0,0011%
2010 295 0,0011%
feedback 295 0,0011%
cars 294 0,0011%
youtube 294 0,0011%
dating 293 0,0011%
film 293 0,0011%
mexico 293 0,0011%
be 292 0,0011%
french 292 0,0011%
stage 292 0,0011%
vb 292 0,0011%
translate 290 0,0011%
boston 289 0,0011%
win 288 0,0011%
guide 287 0,0011%
preview 287 0,0011%
virtual 287 0,0011%
pr 285 0,0011%
washington 285 0,0011%
deals 283 0,0011%
open 283 0,0011%
tube 283 0,0011%
photography 282 0,0011%
correo 281 0,0011%
fl 281 0,0011%
newyork 281 0,0011%
ie 280 0,0011%
ma 280 0,0011%
surveys 280 0,0011%
ns2 279 0,0011%
yahoo 279 0,0011%
ua 278 0,0011%
world 278 0,0011%
ga 277 0,0011%
fa 273 0,0010%
football 273 0,0010%
web2 273 0,0010%
fashion 272 0,0010%
remote 271 0,0010%
family 270 0,0010%
ead 267 0,0010%
image 267 0,0010%
movie 267 0,0010%
crm 266 0,0010%
nc 266 0,0010%
spb 266 0,0010%
cp 265 0,0010%
stream 265 0,0010%
foundation 264 0,0010%
minecraft 264 0,0010%
dallas 261 0,0010%
lp 261 0,0010%
rook 261 0,0010%
academy 260 0,0010%
gr 260 0,0010%
kr 260 0,0010%
phoenix 260 0,0010%
ps 260 0,0010%
sa 260 0,0010%
cc 259 0,0010%
cz 259 0,0010%
internet 259 0,0010%
al 258 0,0010%
get 258 0,0010%
is 258 0,0010%
dc 257 0,0010%
florida 257 0,0010%
engineering 256 0,0010%
hosting 256 0,0010%
india 256 0,0010%
market 256 0,0010%
miami 256 0,0010%
v 256 0,0010%
austin 255 0,0010%
security 255 0,0010%
affiliate 254 0,0010%
park 254 0,0010%
dir 253 0,0010%
il 253 0,0010%
pics 253 0,0010%
seattle 253 0,0010%
web1 253 0,0010%
at 252 0,0010%
paris 251 0,0010%
bookings 250 0,0010%
david 249 0,0010%
fb 249 0,0010%
list 249 0,0010%
qa 249 0,0010%
homes 248 0,0010%
da 247 0,0009%
el 247 0,0009%
museum 247 0,0009%
tn 247 0,0009%
banking 246 0,0009%
developers 246 0,0009%
prod 245 0,0009%
wholesale 245 0,0009%
b 244 0,0009%
cursos 244 0,0009%
assets 243 0,0009%
athletics 243 0,0009%
orders 243 0,0009%
rewards 243 0,0009%
giving 242 0,0009%
mi 242 0,0009%
ph 242 0,0009%
autos 241 0,0009%
classic 241 0,0009%
galeria 241 0,0009%
act 239 0,0009%
d 239 0,0009%
post 239 0,0009%
biz 238 0,0009%
texas 238 0,0009%
diendan 237 0,0009%
auth 236 0,0009%
cl 236 0,0009%
atlas 235 0,0009%
catalogue 235 0,0009%
vod 235 0,0009%
ec 234 0,0009%
fhg 234 0,0009%
recipes 234 0,0009%
arabic 233 0,0009%
az 233 0,0009%
studio 233 0,0009%
http 232 0,0009%
php 231 0,0009%
flash 230 0,0009%
offices 230 0,0009%
sis 230 0,0009%
denver 229 0,0009%
meteo 229 0,0009%
office 229 0,0009%
reports 229 0,0009%
wow 229 0,0009%
hub 228 0,0009%
wa 228 0,0009%
sandiego 227 0,0009%
solutions 227 0,0009%
golf 224 0,0009%
servicios 224 0,0009%
trac 224 0,0009%
www6 224 0,0009%
fun 223 0,0009%
p 222 0,0009%
server 222 0,0009%
nz 221 0,0008%
hs 220 0,0008%
porno 220 0,0008%
s2 220 0,0008%
tx 220 0,0008%
company 219 0,0008%
welcome 219 0,0008%
agent 218 0,0008%
bugs 218 0,0008%
direct 218 0,0008%
ebill 218 0,0008%
energy 218 0,0008%
central 217 0,0008%
genealogy 217 0,0008%
va 217 0,0008%
vle 217 0,0008%
geo 216 0,0008%
inside 216 0,0008%
x 216 0,0008%
beauty 215 0,0008%
fotos 215 0,0008%
multimedia 214 0,0008%
network 214 0,0008%
vn 214 0,0008%
webcam 214 0,0008%
customer 213 0,0008%
ko 213 0,0008%
pdf 213 0,0008%
police 213 0,0008%
trade 213 0,0008%
ce 212 0,0008%
onlinebanking 212 0,0008%
parts 212 0,0008%
awards 211 0,0008%
cat 211 0,0008%
italian 211 0,0008%
offers 211 0,0008%
streaming 211 0,0008%
arts 210 0,0008%
dashboard 210 0,0008%
landing 210 0,0008%
coupons 209 0,0008%
krasnodar 209 0,0008%
res 209 0,0008%
discover 208 0,0008%
europe 208 0,0008%
g 208 0,0008%
housing 208 0,0008%
orlando 208 0,0008%
accounts 207 0,0008%
astro 207 0,0008%
cams 207 0,0008%
chemistry 207 0,0008%
contest 206 0,0008%
nursing 206 0,0008%
oh 206 0,0008%
ae 205 0,0008%
debian 205 0,0008%
ecf 205 0,0008%
notes 205 0,0008%
opac 205 0,0008%
pda 205 0,0008%
bankingportal 204 0,0008%
college 204 0,0008%
joomla 204 0,0008%
maintenance 204 0,0008%
ns 204 0,0008%
user 204 0,0008%
pe 203 0,0008%
australia 202 0,0008%
mac 202 0,0008%
german 201 0,0008%
give 201 0,0008%
listings 201 0,0008%
mobi 201 0,0008%
team 201 0,0008%
yellowpages 201 0,0008%
3d 200 0,0008%
alpha 200 0,0008%
audio 200 0,0008%
contests 200 0,0008%
mm 200 0,0008%
personal 200 0,0008%
portland 200 0,0008%
meta 199 0,0008%
pic 199 0,0008%
toronto 199 0,0008%
ems 198 0,0008%
gps 198 0,0008%
groups 198 0,0008%
losangeles 198 0,0008%
rs 198 0,0008%
archiv 197 0,0008%
green 197 0,0008%
html 197 0,0008%
magazin 196 0,0008%
philadelphia 196 0,0008%
sf 196 0,0008%
si 196 0,0008%
sistemas 196 0,0008%
st 196 0,0008%
anime 195 0,0007%
california 195 0,0007%
ee 194 0,0007%
mo 194 0,0007%
repository 194 0,0007%
summer 194 0,0007%
seo 193 0,0007%
dealer 192 0,0007%
france 192 0,0007%
httpwww 191 0,0007%
journals 191 0,0007%
pittsburgh 191 0,0007%
auction 190 0,0007%
cgi 190 0,0007%
citrix 190 0,0007%
georgia 190 0,0007%
ohio 190 0,0007%
baby 189 0,0007%
contact 189 0,0007%
ebooks 189 0,0007%
hot 189 0,0007%
med 189 0,0007%
up 189 0,0007%
aulavirtual 188 0,0007%
culture 188 0,0007%
ecommerce 188 0,0007%
estore 188 0,0007%
mc 188 0,0007%
sandbox 188 0,0007%
space 188 0,0007%
argentina 187 0,0007%
conferences 187 0,0007%
mailman 187 0,0007%
sd 187 0,0007%
2 186 0,0007%
cinema 186 0,0007%
fc 186 0,0007%
foros 186 0,0007%
inventory 186 0,0007%
lt 186 0,0007%
2009 185 0,0007%
money 185 0,0007%
pup 185 0,0007%
weddings 185 0,0007%
gb 184 0,0007%
obit 184 0,0007%
upload 184 0,0007%
asia 183 0,0007%
chinese 183 0,0007%
ebook 183 0,0007%
gateway 183 0,0007%
plus 183 0,0007%
profile 183 0,0007%
star 183 0,0007%
ws 183 0,0007%
adult 182 0,0007%
colorado 182 0,0007%
elearn 182 0,0007%
ent 182 0,0007%
za 182 0,0007%
f 181 0,0007%
microsoft 181 0,0007%
publications 181 0,0007%
wedding 181 0,0007%
catalogo 180 0,0007%
chris 180 0,0007%
columbus 180 0,0007%
phim 180 0,0007%
water 180 0,0007%
hg 179 0,0007%
barcelona 178 0,0007%
biblio 178 0,0007%
cafe 178 0,0007%
hi 178 0,0007%
mis 178 0,0007%
org 178 0,0007%
pop 178 0,0007%
asp 177 0,0007%
cv 177 0,0007%
lv 177 0,0007%
mag 177 0,0007%
mls 177 0,0007%
arizona 176 0,0007%
honda 176 0,0007%
turismo 176 0,0007%
mn 175 0,0007%
mt 175 0,0007%
parking 175 0,0007%
samara 175 0,0007%
the 175 0,0007%
bc 174 0,0007%
charlotte 174 0,0007%
host 174 0,0007%
md 174 0,0007%
biology 173 0,0007%
java 173 0,0007%
sustainability 173 0,0007%
talk 173 0,0007%
vancouver 173 0,0007%
website 173 0,0007%
powerschool 172 0,0007%
boards 171 0,0007%
comune 171 0,0007%
hawaii 171 0,0007%
opel 171 0,0007%
schedule 171 0,0007%
ag 170 0,0007%
bio 170 0,0007%
ct 170 0,0007%
michael 170 0,0007%
pay 170 0,0007%
r 170 0,0007%
recruit 170 0,0007%
twitter 170 0,0007%
admission 169 0,0006%
best 169 0,0006%
cleveland 169 0,0006%
elections 169 0,0006%
findit 169 0,0006%
indiana 169 0,0006%
juegos 169 0,0006%
payments 169 0,0006%
psychology 169 0,0006%
pub 169 0,0006%
tracker 169 0,0006%
berlin 168 0,0006%
festival 168 0,0006%
krasnoyarsk 168 0,0006%
mms 168 0,0006%
property 168 0,0006%
technology 168 0,0006%
class 167 0,0006%
dom 167 0,0006%
michigan 167 0,0006%
update 167 0,0006%
stat 166 0,0006%
agenda 165 0,0006%
madrid 165 0,0006%
panel 165 0,0006%
russian 165 0,0006%
vi 165 0,0006%
watch 165 0,0006%
annuaire 164 0,0006%
e-learning 164 0,0006%
girls 164 0,0006%
km 164 0,0006%
portuguese 164 0,0006%
spa 164 0,0006%
kazan 163 0,0006%
kino 163 0,0006%
o 163 0,0006%
demos 162 0,0006%
nj 162 0,0006%
transparencia 162 0,0006%
w2 162 0,0006%
www7 162 0,0006%
collections 161 0,0006%
he 161 0,0006%
manage 161 0,0006%
revista 161 0,0006%
women 161 0,0006%
biblioteka 160 0,0006%
ess 160 0,0006%
friends 160 0,0006%
poker 160 0,0006%
rentals 160 0,0006%
singapore 160 0,0006%
ap 159 0,0006%
ford 159 0,0006%
halloween 159 0,0006%
irc 159 0,0006%
itunes 159 0,0006%
kiev 159 0,0006%
martin 159 0,0006%
na 159 0,0006%
oregon 159 0,0006%
origin-www 159 0,0006%
stories 159 0,0006%
cam 158 0,0006%
john 158 0,0006%
lasvegas 158 0,0006%
mb 158 0,0006%
omsk 158 0,0006%
sr 158 0,0006%
wilma 158 0,0006%
2015 157 0,0006%
dspace 157 0,0006%
girl 157 0,0006%
gw 157 0,0006%
philosophy 157 0,0006%
president 157 0,0006%
secure2 157 0,0006%
sm 157 0,0006%
archiwum 156 0,0006%
chile 156 0,0006%
house 156 0,0006%
ip 156 0,0006%
s3 156 0,0006%
soft 156 0,0006%
drupal 155 0,0006%
msn 155 0,0006%
ufa 155 0,0006%
warszawa 155 0,0006%
city 154 0,0006%
css 154 0,0006%
ideas 154 0,0006%
illinois 154 0,0006%
lincoln 154 0,0006%
membership 154 0,0006%
track 154 0,0006%
esp 153 0,0006%
nashville 153 0,0006%
nyc 153 0,0006%
pmb 153 0,0006%
presse 153 0,0006%
int 152 0,0006%
moodle2 152 0,0006%
photoblog 152 0,0006%
cm 151 0,0006%
hp 151 0,0006%
orange 151 0,0006%
parafia 151 0,0006%
premium 151 0,0006%
sexy 151 0,0006%
ve 151 0,0006%
youth 151 0,0006%
agents 150 0,0006%
daniel 150 0,0006%
fire 150 0,0006%
parents 150 0,0006%
proxy 150 0,0006%
ri 150 0,0006%
usedcars 150 0,0006%
webadvisor 150 0,0006%
wi 150 0,0006%
album 149 0,0006%
krakow 149 0,0006%
madison 149 0,0006%
mba 149 0,0006%
minnesota 149 0,0006%
planning 149 0,0006%
virginia 149 0,0006%
volunteer 149 0,0006%
feed 148 0,0006%
fitness 148 0,0006%
fs 148 0,0006%
its 148 0,0006%
l 148 0,0006%
passport 148 0,0006%
peru 148 0,0006%
pictures 148 0,0006%
praca 148 0,0006%
tourism 148 0,0006%
v1 148 0,0006%
venezuela 148 0,0006%
whois 148 0,0006%
academic 147 0,0006%
birmingham 147 0,0006%
cart 147 0,0006%
detroit 147 0,0006%
group 147 0,0006%
intra 147 0,0006%
quiz 147 0,0006%
review 147 0,0006%
10 146 0,0006%
dealers 146 0,0006%
registrar 146 0,0006%
vision 146 0,0006%
vote 146 0,0006%
alex 145 0,0006%
am 145 0,0006%
columbia 145 0,0006%
cooking 145 0,0006%
employment 145 0,0006%
entertainment 145 0,0006%
mario 145 0,0006%
memphis 145 0,0006%
mr 145 0,0006%
richmond 145 0,0006%
selfservice 145 0,0006%
thailand 145 0,0006%
toyota 145 0,0006%
casino 144 0,0006%
outlook 144 0,0006%
speed 144 0,0006%
summit 144 0,0006%
alabama 143 0,0005%
colombia 143 0,0005%
illiad 143 0,0005%
listserv 143 0,0005%
moto 143 0,0005%
project 143 0,0005%
stock 143 0,0005%
testing 143 0,0005%
abc 142 0,0005%
find 142 0,0005%
mychart 142 0,0005%
tc 142 0,0005%
teens 142 0,0005%
tomsk 142 0,0005%
tweets 142 0,0005%
wellness 142 0,0005%
chelyabinsk 141 0,0005%
eservices 141 0,0005%
insurance 141 0,0005%
jacksonville 141 0,0005%
tampa 141 0,0005%
teen 141 0,0005%
webapp 141 0,0005%
www8 141 0,0005%
applications 140 0,0005%
ba 140 0,0005%
brasil 140 0,0005%
cf 140 0,0005%
dj 140 0,0005%
file 140 0,0005%
mike 140 0,0005%
mk 140 0,0005%
sos 140 0,0005%
spain 140 0,0005%
tips 140 0,0005%
apple 139 0,0005%
basketball 139 0,0005%
hotmail 139 0,0005%
mirrors 139 0,0005%
odessa 139 0,0005%
ottawa 139 0,0005%
clientes 138 0,0005%
dr 138 0,0005%
eprints 138 0,0005%
gold 138 0,0005%
master 138 0,0005%
medical 138 0,0005%
newsletters 138 0,0005%
one 138 0,0005%
rabota 138 0,0005%
wisconsin 138 0,0005%
christmas 137 0,0005%
chs 137 0,0005%
do 137 0,0005%
montreal 137 0,0005%
safety 137 0,0005%
tom 137 0,0005%
town 137 0,0005%
utah 137 0,0005%
ww7 137 0,0005%
kentucky 136 0,0005%
nissan 136 0,0005%
soccer 136 0,0005%
arkansas 135 0,0005%
baseball 135 0,0005%
cis 135 0,0005%
enews 135 0,0005%
indonesia 135 0,0005%
jackson 135 0,0005%
libanswers 135 0,0005%
louisville 135 0,0005%
or 135 0,0005%
perm 135 0,0005%
sam 135 0,0005%
sh 135 0,0005%
tracking 135 0,0005%
application 134 0,0005%
clubs 134 0,0005%
egypt 134 0,0005%
ipad 134 0,0005%
mall 134 0,0005%
smart 134 0,0005%
tokyo 134 0,0005%
0-www 133 0,0005%
av 133 0,0005%
classes 133 0,0005%
dvd 133 0,0005%
empleo 133 0,0005%
gov 133 0,0005%
h 133 0,0005%
locations 133 0,0005%
pharmacy 133 0,0005%
profiles 133 0,0005%
repo 133 0,0005%
roma 133 0,0005%
ams 132 0,0005%
baltimore 132 0,0005%
core 132 0,0005%
dictionary 132 0,0005%
grad 132 0,0005%
japanese 132 0,0005%
mark 132 0,0005%
medicine 132 0,0005%
oklahoma 132 0,0005%
portail 132 0,0005%
red 132 0,0005%
sl 132 0,0005%
v3 132 0,0005%
west 132 0,0005%
wroclaw 132 0,0005%
as 131 0,0005%
ge 131 0,0005%
hd 131 0,0005%
manual 131 0,0005%
missouri 131 0,0005%
newsite 131 0,0005%
product 131 0,0005%
sacramento 131 0,0005%
sanfrancisco 131 0,0005%
sec 131 0,0005%
ticket 131 0,0005%
wwws 131 0,0005%
2008 130 0,0005%
arch 130 0,0005%
bkd 130 0,0005%
bmw 130 0,0005%
chem 130 0,0005%
clasificados 130 0,0005%
economics 130 0,0005%
hosted 130 0,0005%
j 130 0,0005%
log 130 0,0005%
mijn 130 0,0005%
special 130 0,0005%
ace 129 0,0005%
advertising 129 0,0005%
bo 129 0,0005%
brand 129 0,0005%
campaign 129 0,0005%
ia 129 0,0005%
indianapolis 129 0,0005%
maryland 129 0,0005%
rochester 129 0,0005%
show 129 0,0005%
style 129 0,0005%
system 129 0,0005%
thomas 129 0,0005%
voronezh 129 0,0005%
big5 128 0,0005%
black 128 0,0005%
documents 128 0,0005%
ict 128 0,0005%
idp 128 0,0005%
lg 128 0,0005%
opensource 128 0,0005%
transportation 128 0,0005%
computer 127 0,0005%
focus 127 0,0005%
ib 127 0,0005%
iowa 127 0,0005%
italy 127 0,0005%
tennessee 127 0,0005%
africa 126 0,0005%
bus 126 0,0005%
ces 126 0,0005%
daily 126 0,0005%
germany 126 0,0005%
lifestyle 126 0,0005%
malaysia 126 0,0005%
musica 126 0,0005%
peter 126 0,0005%
poczta 126 0,0005%
racing 126 0,0005%
university 126 0,0005%
et 125 0,0005%
graphics 125 0,0005%
milwaukee 125 0,0005%
retail 125 0,0005%
russia 125 0,0005%
skype 125 0,0005%
wallpapers 125 0,0005%
annualreport 124 0,0005%
arc 124 0,0005%
eco 124 0,0005%
enter 124 0,0005%
ks 124 0,0005%
novosibirsk 124 0,0005%
now 124 0,0005%
ogloszenia 124 0,0005%
omaha 124 0,0005%
plan 124 0,0005%
podcasts 124 0,0005%
sat 124 0,0005%
sistema 124 0,0005%
teachers 124 0,0005%
touch 124 0,0005%
card 123 0,0005%
dance 123 0,0005%
eric 123 0,0005%
fan 123 0,0005%
fm 123 0,0005%
poznan 123 0,0005%
sanantonio 123 0,0005%
teacher 123 0,0005%
ut 123 0,0005%
victoria 123 0,0005%
ccc 122 0,0005%
ds 122 0,0005%
edit 122 0,0005%
form 122 0,0005%
gmail 122 0,0005%
healthcare 122 0,0005%
locator 122 0,0005%
maine 122 0,0005%
porn 122 0,0005%
tumblr 122 0,0005%
webtv 122 0,0005%
xnxx 122 0,0005%
aurora 121 0,0005%
cincinnati 121 0,0005%
development 121 0,0005%
explore 121 0,0005%
homepage 121 0,0005%
homepages 121 0,0005%
nano 121 0,0005%
oasis 121 0,0005%
raleigh 121 0,0005%
saratov 121 0,0005%
tax 121 0,0005%
adam 120 0,0005%
alaska 120 0,0005%
auctions 120 0,0005%
ecampus 120 0,0005%
graduate 120 0,0005%
ky 120 0,0005%
mapa 120 0,0005%
n 120 0,0005%
sw 120 0,0005%
transport 120 0,0005%
comics 119 0,0005%
diversity 119 0,0005%
erp 119 0,0005%
irkutsk 119 0,0005%
pk 119 0,0005%
read 119 0,0005%
suzuki 119 0,0005%
temp 119 0,0005%
tulsa 119 0,0005%
volgograd 119 0,0005%
widgets 119 0,0005%
cache 118 0,0005%
emploi 118 0,0005%
lyrics 118 0,0005%
mediasite 118 0,0005%
meetings 118 0,0005%
nd 118 0,0005%
ts 118 0,0005%
vietnam 118 0,0005%
wireless 118 0,0005%
bappeda 117 0,0004%
ben 117 0,0004%
bt 117 0,0004%
cr 117 0,0004%
franchise 117 0,0004%
ic 117 0,0004%
index 117 0,0004%
innovation 117 0,0004%
islam 117 0,0004%
manchester 117 0,0004%
melbourne 117 0,0004%
pix 117 0,0004%
report 117 0,0004%
sas 117 0,0004%
stlouis 117 0,0004%
sydney 117 0,0004%
w1 117 0,0004%
wallpaper 117 0,0004%
3 116 0,0004%
christian 116 0,0004%
emergency 116 0,0004%
iris 116 0,0004%
msk 116 0,0004%
ojs 116 0,0004%
oyun 116 0,0004%
politics 116 0,0004%
psp 116 0,0004%
www9 116 0,0004%
brazil 115 0,0004%
clip 115 0,0004%
database 115 0,0004%
disney 115 0,0004%
extra 115 0,0004%
gs 115 0,0004%
hamilton 115 0,0004%
minneapolis 115 0,0004%
ok 115 0,0004%
sts 115 0,0004%
webcast 115 0,0004%
ed 114 0,0004%
k 114 0,0004%
legal 114 0,0004%
metro 114 0,0004%
montana 114 0,0004%
nature 114 0,0004%
on 114 0,0004%
paul 114 0,0004%
reservation 114 0,0004%
webstore 114 0,0004%
bank 113 0,0004%
cancer 113 0,0004%
delta 113 0,0004%
eg 113 0,0004%
engage 113 0,0004%
kaliningrad 113 0,0004%
kansas 113 0,0004%
ml 113 0,0004%
moscow 113 0,0004%
nutrition 113 0,0004%
pm 113 0,0004%
programs 113 0,0004%
voice 113 0,0004%
aula 112 0,0004%
chevrolet 112 0,0004%
click 112 0,0004%
csc 112 0,0004%
eventos 112 0,0004%
exam 112 0,0004%
ft 112 0,0004%
hongkong 112 0,0004%
hyundai 112 0,0004%
kansascity 112 0,0004%
mortgage 112 0,0004%
panama 112 0,0004%
password 112 0,0004%
referral 112 0,0004%
s4 112 0,0004%
u 112 0,0004%
ubuntu 112 0,0004%
visit 112 0,0004%
webcams 112 0,0004%
ekaterinburg 111 0,0004%
fish 111 0,0004%
im 111 0,0004%
les 111 0,0004%
moda 111 0,0004%
payment 111 0,0004%
quotes 111 0,0004%
solar 111 0,0004%
ss 111 0,0004%
techblog 111 0,0004%
today 111 0,0004%
view 111 0,0004%
wwe 111 0,0004%
calgary 110 0,0004%
collection 110 0,0004%
cordoba 110 0,0004%
error 110 0,0004%
knowledge 110 0,0004%
naruto 110 0,0004%
pch 110 0,0004%
philippines 110 0,0004%
sale 110 0,0004%
ses 110 0,0004%
springfield 110 0,0004%
study 110 0,0004%
toledo 110 0,0004%
webservices 110 0,0004%
albuquerque 109 0,0004%
anal 109 0,0004%
bangalore 109 0,0004%
bioinformatics 109 0,0004%
ecuador 109 0,0004%
express 109 0,0004%
extras 109 0,0004%
max 109 0,0004%
mini 109 0,0004%
mu 109 0,0004%
policy 109 0,0004%
puzzle 109 0,0004%
skyward 109 0,0004%
smtp 109 0,0004%
stars 109 0,0004%
tucson 109 0,0004%
valencia 109 0,0004%
bike 108 0,0004%
construction 108 0,0004%
down 108 0,0004%
ims 108 0,0004%
le 108 0,0004%
louisiana 108 0,0004%
management 108 0,0004%
opera 108 0,0004%
pennsylvania 108 0,0004%
pets 108 0,0004%
sharepoint 108 0,0004%
sociology 108 0,0004%
ac 107 0,0004%
ares 107 0,0004%
build 107 0,0004%
cards 107 0,0004%
delaware 107 0,0004%
hindi 107 0,0004%
idaho 107 0,0004%
magic 107 0,0004%
tennis 107 0,0004%
used 107 0,0004%
cricket 106 0,0004%
cultura 106 0,0004%
employee 106 0,0004%
ezproxy 106 0,0004%
korea 106 0,0004%
loans 106 0,0004%
lol 106 0,0004%
marc 106 0,0004%
matt 106 0,0004%
military 106 0,0004%
promotions 106 0,0004%
reno 106 0,0004%
yoga 106 0,0004%
box 105 0,0004%
commerce 105 0,0004%
ebay 105 0,0004%
environment 105 0,0004%
freedom 105 0,0004%
ice 105 0,0004%
nevada 105 0,0004%
pb 105 0,0004%
recruitment 105 0,0004%
renault 105 0,0004%
submit 105 0,0004%
wm 105 0,0004%
zs 105 0,0004%
all 104 0,0004%
buffalo 104 0,0004%
civil 104 0,0004%
compass 104 0,0004%
cse 104 0,0004%
diy 104 0,0004%
dms 104 0,0004%
interactive 104 0,0004%
jurnal 104 0,0004%
packages 104 0,0004%
resource 104 0,0004%
revistas 104 0,0004%
sb 104 0,0004%
soporte 104 0,0004%
ww12 104 0,0004%
afisha 103 0,0004%
asian 103 0,0004%
barbie 103 0,0004%
commercial 103 0,0004%
credit 103 0,0004%
documentation 103 0,0004%
dubai 103 0,0004%
fe 103 0,0004%
israel 103 0,0004%
ne 103 0,0004%
nova 103 0,0004%
pogoda 103 0,0004%
rc 103 0,0004%
real 103 0,0004%
sac 103 0,0004%
samsung 103 0,0004%
sudoku 103 0,0004%
tgp 103 0,0004%
wifi 103 0,0004%
writing 103 0,0004%
ava 102 0,0004%
connecticut 102 0,0004%
creative 102 0,0004%
dan 102 0,0004%
dps 102 0,0004%
expo 102 0,0004%
heritage 102 0,0004%
jeux 102 0,0004%
mississippi 102 0,0004%
movil 102 0,0004%
mumbai 102 0,0004%
pincode 102 0,0004%
pos 102 0,0004%
power 102 0,0004%
private 102 0,0004%
resume 102 0,0004%
rus 102 0,0004%
studyabroad 102 0,0004%
success 102 0,0004%
tim 102 0,0004%
acm 101 0,0004%
bs 101 0,0004%
casa 101 0,0004%
cd 101 0,0004%
classroom 101 0,0004%
cu 101 0,0004%
edmonton 101 0,0004%
fantasy 101 0,0004%
hello 101 0,0004%
ieee 101 0,0004%
istanbul 101 0,0004%
james 101 0,0004%
leon 101 0,0004%
mature 101 0,0004%
milano 101 0,0004%
nebraska 101 0,0004%
pi 101 0,0004%
redtube 101 0,0004%
salud 101 0,0004%
shanghai 101 0,0004%
subscriptions 101 0,0004%
traffic 101 0,0004%
workshop 101 0,0004%
cap 100 0,0004%
cmsimg 100 0,0004%
comic 100 0,0004%
customers 100 0,0004%
dental 100 0,0004%
ecole 100 0,0004%
econ 100 0,0004%
enterprise 100 0,0004%
insight 100 0,0004%
pks 100 0,0004%
source 100 0,0004%
tl 100 0,0004%
